{
  "lexico_syntactic": [
    0.8511904761904762,
    0.8333333333333334,
    0.8333333333333334,
    0.8064024390243902,
    0.8507653061224489
  ],
  "coref": [
    0.18154761904761904,
    0.16435185185185186,
    0.17113095238095238,
    0.1722560975609756,
    0.17729591836734693
  ],
  "voice": [
    0.12648809523809523,
    0.20717592592592593,
    0.17857142857142858,
    0.19359756097560976,
    0.17091836734693877
  ],
  "coref+voice": [
    0.14434523809523808,
    0.2361111111111111,
    0.20982142857142858,
    0.17378048780487804,
    0.1989795918367347
  ],
  "lexico+voice+coref": [
    0.8184523809523809,
    0.8194444444444444,
    0.8407738095238095,
    0.8125,
    0.8877551020408163
  ],
  "lexico+voice": [
    0.8139880952380952,
    0.8287037037037037,
    0.8541666666666666,
    0.8384146341463414,
    0.8367346938775511
  ],
  "lexico+coref": [
    0.8169642857142857,
    0.8182870370370371,
    0.8913690476190477,
    0.7957317073170732,
    0.8788265306122449
  ]
}