{"Anne Perkins": {"lexico_syntactic": [0.5493827160493827, 0.5671875, 0.6503067484662577, 0.5838414634146342, 0.6498470948012233], "coref": [0.8101851851851852, 0.596875, 0.7101226993865031, 0.6387195121951219, 0.7370030581039755], "voice": [0.5138888888888888, 0.6375, 0.6687116564417178, 0.47865853658536583, 0.6590214067278287], "coref+voice": [0.6327160493827161, 0.5625, 0.8282208588957055, 0.6600609756097561, 0.7660550458715596], "lexico+voice+coref": [0.6141975308641975, 0.634375, 0.5613496932515337, 0.5838414634146342, 0.6483180428134556], "lexico+voice": [0.6095679012345679, 0.63125, 0.5828220858895705, 0.4954268292682927, 0.6483180428134556], "lexico+coref": [0.654320987654321, 0.6046875, 0.651840490797546, 0.49847560975609756, 0.6498470948012233]}, "Barbara Ellen": {"lexico_syntactic": [0.9510135135135135, 0.9967741935483871, 0.9967532467532467, 0.9851485148514851, 0.940983606557377], "coref": [0.6199324324324325, 0.6161290322580645, 0.6201298701298701, 0.5874587458745875, 0.6344262295081967], "voice": [0.6587837837837838, 0.6548387096774193, 0.6428571428571429, 0.6254125412541254, 0.6131147540983607], "coref+voice": [0.6756756756756757, 0.6274193548387097, 0.6298701298701299, 0.6056105610561056, 0.6934426229508197], "lexico+voice+coref": [0.9459459459459459, 0.9338709677419355, 0.9951298701298701, 0.9966996699669967, 0.978688524590164], "lexico+voice": [0.9476351351351351, 0.9338709677419355, 0.9983766233766234, 0.9554455445544554, 0.9590163934426229], "lexico+coref": [0.9324324324324325, 0.9548387096774194, 0.9788961038961039, 0.9966996699669967, 0.9590163934426229]}, "Catherine Bennett": {"lexico_syntactic": [0.9278523489932886, 0.9403973509933775, 0.9197952218430034, 0.9674657534246576, 0.9765886287625418], "coref": [0.7063758389261745, 0.6788079470198676, 0.6501706484641638, 0.672945205479452, 0.7892976588628763], "voice": [0.8120805369127517, 0.6804635761589404, 0.6791808873720137, 0.7345890410958904, 0.7123745819397993], "coref+voice": [0.7449664429530202, 0.7003311258278145, 0.7320819112627986, 0.7431506849315068, 0.8578595317725752], "lexico+voice+coref": [0.9714765100671141, 0.9486754966887417, 0.9590443686006825, 0.9828767123287672, 0.9615384615384616], "lexico+voice": [0.9110738255033557, 0.9685430463576159, 0.9419795221843004, 0.9554794520547946, 0.9414715719063546], "lexico+coref": [0.9463087248322147, 0.8956953642384106, 0.9283276450511946, 0.9674657534246576, 0.9264214046822743]}, "Emma Brockes": {"lexico_syntactic": [0.8177570093457944, 0.7071651090342679, 0.9439252336448598, 0.8573717948717948, 0.7570532915360502], "coref": [0.5327102803738317, 0.5825545171339563, 0.6588785046728972, 0.5224358974358975, 0.567398119122257], "voice": [0.6838006230529595, 0.7102803738317757, 0.5093457943925234, 0.5368589743589743, 0.6018808777429467], "coref+voice": [0.5685358255451713, 0.5077881619937694, 0.6199376947040498, 0.5128205128205128, 0.5376175548589341], "lexico+voice+coref": [0.9065420560747663, 0.7554517133956387, 0.9221183800623053, 0.8413461538461539, 0.7523510971786834], "lexico+voice": [0.7975077881619937, 0.822429906542056, 0.9953271028037384, 0.9326923076923077, 0.7774294670846394], "lexico+coref": [0.8302180685358256, 0.7554517133956387, 0.9454828660436138, 0.8798076923076923, 0.7366771159874608]}, "Gaby Hinsliff": {"lexico_syntactic": [0.808282208588957, 0.7, 0.9984802431610942, 0.6121495327102804, 0.9386503067484663], "coref": [0.6595092024539877, 0.4676923076923077, 0.7264437689969605, 0.5638629283489096, 0.38650306748466257], "voice": [0.588957055214724, 0.5446153846153846, 0.7112462006079028, 0.7180685358255452, 0.6855828220858896], "coref+voice": [0.6180981595092024, 0.4046153846153846, 0.7522796352583586, 0.5015576323987538, 0.5613496932515337], "lexico+voice+coref": [0.808282208588957, 0.68, 0.7355623100303952, 0.6947040498442367, 0.8604294478527608], "lexico+voice": [0.7300613496932515, 0.7553846153846154, 0.7340425531914894, 0.6915887850467289, 0.9294478527607362], "lexico+coref": [0.808282208588957, 0.7584615384615384, 0.7507598784194529, 0.7367601246105919, 0.9386503067484663]}, "Ian Jack": {"lexico_syntactic": [0.8745928338762216, 0.8699059561128527, 0.9469453376205788, 0.9543973941368078, 0.9089456869009584], "coref": [0.7687296416938111, 0.64576802507837, 0.567524115755627, 0.6465798045602605, 0.6693290734824281], "voice": [0.6775244299674267, 0.7507836990595611, 0.7041800643086816, 0.6042345276872965, 0.6916932907348243], "coref+voice": [0.7703583061889251, 0.7413793103448276, 0.6366559485530546, 0.6042345276872965, 0.7284345047923323], "lexico+voice+coref": [0.9104234527687296, 0.8793103448275862, 0.9292604501607717, 0.9381107491856677, 0.9297124600638977], "lexico+voice": [0.9478827361563518, 0.8730407523510971, 0.932475884244373, 0.9527687296416938, 0.9313099041533547], "lexico+coref": [0.9315960912052117, 0.8808777429467085, 0.9581993569131833, 0.9690553745928339, 0.9696485623003195]}, "John Harris": {"lexico_syntactic": [0.8515625, 0.9171875, 0.907051282051282, 0.7891373801916933, 0.9544025157232704], "coref": [0.590625, 0.828125, 0.7339743589743589, 0.6309904153354633, 0.6619496855345912], "voice": [0.6796875, 0.7234375, 0.6955128205128205, 0.5511182108626198, 0.7232704402515723], "coref+voice": [0.6375, 0.8078125, 0.7163461538461539, 0.634185303514377, 0.6855345911949685], "lexico+voice+coref": [0.9390625, 0.91875, 0.9166666666666666, 0.792332268370607, 0.9072327044025157], "lexico+voice": [0.8109375, 0.915625, 0.8974358974358975, 0.8706070287539937, 0.9544025157232704], "lexico+coref": [0.8109375, 0.9203125, 0.9391025641025641, 0.8083067092651757, 0.9449685534591195]}, "Jonathan Freedland": {"lexico_syntactic": [0.9621993127147767, 0.8883333333333333, 0.8929765886287625, 0.9434931506849316, 0.9221854304635762], "coref": [0.5738831615120275, 0.6133333333333333, 0.6137123745819398, 0.577054794520548, 0.609271523178808], "voice": [0.6529209621993127, 0.6566666666666666, 0.6488294314381271, 0.6095890410958904, 0.6026490066225165], "coref+voice": [0.5859106529209622, 0.62, 0.6270903010033445, 0.6626712328767124, 0.5927152317880795], "lexico+voice+coref": [0.9553264604810997, 0.8766666666666667, 0.8996655518394648, 0.9383561643835616, 0.8658940397350994], "lexico+voice": [0.9621993127147767, 0.865, 0.8862876254180602, 0.9297945205479452, 0.8874172185430463], "lexico+coref": [0.9621993127147767, 0.9066666666666666, 0.8762541806020067, 0.9178082191780822, 0.8956953642384106]}, "Kevin McKenna": {"lexico_syntactic": [0.9274193548387096, 0.9517133956386293, 1.0, 1.0, 0.9838709677419355], "coref": [0.5661290322580645, 0.5015576323987538, 0.665079365079365, 0.6003134796238244, 0.5854838709677419], "voice": [0.6306451612903226, 0.67601246105919, 0.6031746031746031, 0.5172413793103449, 0.5967741935483871], "coref+voice": [0.5661290322580645, 0.5825545171339563, 0.6587301587301587, 0.5501567398119123, 0.5467741935483871], "lexico+voice+coref": [0.9225806451612903, 0.9517133956386293, 1.0, 0.8793103448275862, 0.9612903225806452], "lexico+voice": [0.9225806451612903, 0.9532710280373832, 0.9984126984126984, 0.9702194357366771, 1.0], "lexico+coref": [0.9225806451612903, 0.9517133956386293, 1.0, 0.9984326018808778, 0.9838709677419355]}, "Marina Hyde": {"lexico_syntactic": [0.9251592356687898, 0.9693548387096774, 0.8311897106109325, 0.8115264797507789, 0.996875], "coref": [0.5477707006369427, 0.55, 0.409967845659164, 0.6651090342679128, 0.7375], "voice": [0.6878980891719745, 0.6370967741935484, 0.5836012861736335, 0.5482866043613707, 0.584375], "coref+voice": [0.5939490445859873, 0.6274193548387097, 0.4453376205787781, 0.5498442367601246, 0.621875], "lexico+voice+coref": [0.8312101910828026, 0.9532258064516129, 0.8392282958199357, 0.7819314641744548, 0.8390625], "lexico+voice": [0.8949044585987261, 0.9338709677419355, 0.7829581993569131, 0.8566978193146417, 0.915625], "lexico+coref": [0.7945859872611465, 0.9338709677419355, 0.8231511254019293, 0.7990654205607477, 0.91875]},